t,x,y,z,vx,vy,vz,mass,P
0.0,0.0,0.0,0.0,0.0,0.0,0.0,0.48,400000.0
0.005,0.00024865751294083824,0.0003085171041255288,1.0889311675738695e-05,0.09946300517633529,0.12340684165021153,0.004355724670295478,0.4751191887969314,395937.85482305783
0.01,0.0009937911566039793,0.0012325593022803492,4.350721752120028e-05,0.1985904522889212,0.24621003761171667,0.008691437667889153,0.47027168208722103,391972.9240810554
0.015,0.002233768879275036,0.0027691887535692622,9.775577170332512e-05,0.2974006367795017,0.36844174290384846,0.013007984004960789,0.4654569049973959,388101.6667004064
0.02,0.003967048970759708,0.0049156264951645545,0.0001735412172768046,0.395911399814367,0.49013335373426864,0.01730619422443101,0.46067430037898716,384320.71419009875
0.025,0.006192177860610262,0.007669248769278348,0.0002707739168094412,0.49414015612585477,0.611315555911249,0.021586885588623633,0.4559233280402125,380626.86015903373
0.030000000000000002,0.008907788051950019,0.011027583585905536,0.00038936828877923264,0.5921039204100479,0.7320183707396262,0.025850863199292935,0.4512034640203191,377017.050592845
0.035,0.012112596183963594,0.014988307509254926,0.0005292427494127174,0.6898193323953823,0.8522711986001298,0.03009892105410097,0.44651419990371344,373488.3748264928
0.04,0.01580540121667149,0.019549242656745378,0.0006903196596585618,0.7873026806877761,0.9721028603960509,0.03433184304423679,0.44185504217122984,370038.0571549828
0.045,0.019985082732115154,0.024708353900328103,0.0008725252770129414,0.8845699254896895,1.091541637037039,0.03855040389751506,0.4372255115860969,366663.44902997336
0.049999999999999996,0.02465059934654716,0.030463746260713267,0.0010757897119341605,0.9816367202831133,1.210615307117027,0.042755370070972576,0.4326251426123481,363362.02179487667
0.05499999999999999,0.02980098722865445,0.036813662485835175,0.001300046888603325,1.0785184325598023,1.3293511829317355,0.04694750059669321,0.4280534828635961,360131.35991541186
0.05999999999999999,0.03543535871924401,0.04375648080559151,0.0015452345098058897,1.1752301636760227,1.4477761449707978,0.05112754788433262,0.4235100925802445,356969.1546664604
0.06499999999999999,0.041552901048193154,0.05129071285554384,0.0018112940257256713,1.2717867679036337,1.5659166750101343,0.05529625848358005,0.41899454413335613,353873.1982395879
0.06999999999999999,0.0481528751448132,0.059415001762873496,0.002098170606458581,1.3682028707443847,1.6837988879217267,0.05945437380958378,0.414506421553525,350841.378238747
0.075,0.05523461453809883,0.0681281203884535,0.0024058131180679826,1.464492886569868,1.8014485623102798,0.06360263083417675,0.4100453200832239,347871.6725345257
0.08,0.06279752434363735,0.07742896971942761,0.0027341741020173445,1.5606710356455387,1.9188911700793627,0.06774176274556795,0.4056108457512029,344962.144449868
0.085,0.0708410803342352,0.08731657740718454,0.0030832097578287923,1.6567513605935988,2.0361519050234054,0.07187249957901122,0.40120261496762066,342110.93825251295
0.09000000000000001,0.07936482809158488,0.09779009644608391,0.003452879928828383,1.7527477423462754,2.1532557105363406,0.07599556882082509,0.3968202541386815,339316.27493149793
0.09500000000000001,0.08836838223654578,0.10884880398873145,0.0038431480908504797,1.8486739156380871,2.2702273065226746,0.08011169598801354,0.3924633992996335,336576.44823696796
0.10000000000000002,0.09785142573584867,0.12049210029401884,0.004253981343784581,1.94454348408307,2.387091215592282,0.08422160518562687,0.38813169576506645,333889.8209642542
0.10500000000000002,0.10781370928325777,0.13271950780454012,0.004685350405858407,2.0403699348805717,2.5038717886162325,0.08832601964390346,0.38382479779551704,331254.8214647477
0.11000000000000003,0.11825505075343705,0.1455306703503742,0.005137229610561031,2.136166653191137,2.6205932297174046,0.09242566223714602,0.37954236827945625,328669.9403675135
0.11500000000000003,0.12917533472697026,0.15892535247658404,0.005609596906119417,2.2319469362221476,2.7372796207665275,0.09652125598620867,0.3752840784297968,326133.72749687877
0.12000000000000004,0.14057451208517874,0.17290343889212922,0.00610243385745095,2.3277240070612457,2.8539549454515476,0.10061352454640454,0.371049607494113,323644.7889724032
0.12500000000000003,0.15245259967356722,0.18746493403822276,0.006615725650523423,2.4235110282941497,2.970643112985862,0.10470319268258468,0.3668386424778205,321201.7844787132
0.13000000000000003,0.1648096800329082,0.20260996177448473,0.007149461099062609,2.5193211154422412,3.0873679815189283,0.10879098673309,0.36265087787961037,318803.4246936517
0.13500000000000004,0.17764590119714943,0.21833876518155976,0.007703632653555923,2.615167350254257,3.2041533813110834,0.11287763506423576,0.3584860154384767,316448.46886409266
0.14000000000000004,0.19096147655749895,0.23465170647917,0.0082782364125089,2.7110627938855574,3.321023137733013,0.11696386851695466,0.354343763891721,314135.7225195781
0.14500000000000005,0.2047566847922072,0.25154926705887565,0.00887327213591928,2.8070204999977464,3.4380010941492465,0.12105042084719737,0.3502238387433522,311864.035314684
0.15000000000000005,0.2190318698617288,0.26903204763110944,0.00948874326094145,2.903053527810884,3.5551111347442683,0.12513802916167024,0.3461259620423399,309632.2989917012
0.15500000000000005,0.2337874410691064,0.2871007684863434,0.010124656919721817,2.999174955140157,3.6723772073493235,0.12922743435047665,0.34204986217020994,307439.4454558432
0.16000000000000006,0.24902387318557842,0.3057562698705362,0.010781023959393565,3.0953978914486524,3.7898233463277937,0.133319381518223,0.3379952736375031,305284.44495576335
0.16500000000000006,0.2647417066415696,0.32499951247529835,0.011457858964227,3.191735490947819,3.9074736955770586,0.1374146204151505,0.33396193688864717,303166.30436269415
0.17000000000000007,0.2809415477833823,0.34483157804350373,0.01215518027993953,3.2882009657772766,4.025352531705097,0.14151390586986132,0.32994959811481855,301084.0655419975
0.17500000000000007,0.2976240691960652,0.36525367009136817,0.012873010040177236,3.3848075992958804,4.143484287440682,0.1456179982252212,0.325958009074395,299036.80381136655
0.18000000000000008,0.3147900100930957,0.38626711474831216,0.013611374195187893,3.4815687595163234,4.2618935753369245,0.14972766377904165,0.32198692692062447,297023.62648032146
0.18500000000000008,0.3324401767736768,0.4078733617162271,0.014370302542713424,3.5784979127161254,4.38060521182907,0.1538436752311713,0.31803611403615745,295043.67146602145
0.19000000000000009,0.3505754431486135,0.43007398535007213,0.015149828761138004,3.6756086372585433,4.499644241708945,0.15796681213866062,0.31410533787410877,293096.10598076164
0.1950000000000001,0.3691967513359044,0.45287068586204504,0.015949990444936422,3.7729146376578178,4.619035963080206,0.1620978613807058,0.31019437080533596,291180.1252868401
0.2000000000000001,0.3883051123273595,0.47626529065189716,0.016770829142476,3.870429758924206,4.738805952860632,0.16623761763512568,0.3063029899716372,289294.9515147797
0.2050000000000001,0.4079016067277337,0.5002597557662991,0.017612390396234273,3.968168001225473,4.858980092900126,0.17038688386818293,0.3024309771445899,287439.8325411581
0.2100000000000001,0.42798738556805466,0.5248561674905141,0.018474723785503792,4.066143534902915,4.9795845967858545,0.1745464718396255,0.2985781185897656,285614.0409225524
0.2150000000000001,0.44856367119501594,0.5500567440760015,0.0193578829716651,4.1643707158815895,5.100646037409105,0.17871720262489726,0.29474420493607134,283816.8728823392
0.2200000000000001,0.46963175823851055,0.5758638376079541,0.02026192574611872,4.262864101516248,5.222191375371961,0.18289990715655086,0.29092903104998236,282047.647347302
0.22500000000000012,0.4911930146595924,0.6022799360171737,0.021186914080977563,4.361638466916494,5.344247988315852,0.1870954267869867,0.28713239591444184,280305.7050312032
0.23000000000000012,0.513248882881376,0.6293076652411095,0.0221329141826319,4.460708821796972,5.466843701258479,0.1913046138747478,0.28335410251221793,278590.4075626582
0.23500000000000013,0.5358008810056208,0.6569497915393319,0.02309999654831055,4.560090427900931,5.59000681803046,0.19552833239671233,0.279593957713517,276901.1366548217
0.24000000000000013,0.5588506041179939,0.6852092239691793,0.024088236025773972,4.6597988170483085,5.7137661539085185,0.19976745858865558,0.2758517721676644,275237.2933145584
0.24500000000000013,0.5823997256852712,0.7140890170278206,0.02509771187628759,4.759849809862614,5.838151069548014,0.20402288161679133,0.2721273601986726,273598.297088912
0.2500000000000001,0.6064499990480136,0.7435923734675013,0.026128507841037218,4.860259535234327,5.963191506324255,0.20829550428305982,0.26842053970452784,271983.5853468307
0.2550000000000001,0.6310032590125552,0.7737226472913102,0.027180712211162614,4.961044450582325,6.0889180231993265,0.21258624376709942,0.2647311320600322,270392.61259422894
0.2600000000000001,0.6560614235464586,0.8044833469374066,0.028254417901600434,5.062221362979057,6.215361835239251,0.21689603240802863,0.2610589620230491,268824.8498205878
0.2650000000000001,0.6816264955819307,0.8358781386602926,0.029349722528943935,5.163807451209801,6.342554853915136,0.22122581852937237,0.2574038576440074,267279.7838754046
0.27000000000000013,0.7077005649320588,0.8679108501184098,0.030466728493544107,5.265820288841434,6.47052972933177,0.22557656731069567,0.2537656501785236,265756.9168729067
0.27500000000000013,0.7342858103251168,0.9005854741780839,0.03160554306609525,5.368277868381743,6.599319894537862,0.22994926170975946,0.25014417400301403,264255.7656235389
0.28000000000000014,0.7613845015626124,0.9339061729446385,0.032766278478967875,5.471198626616516,6.72895961208399,0.23434490343929135,0.24653926653317054,262775.8610908252
0.28500000000000014,0.7889990018071997,0.9678772820323669,0.03394905202257303,5.574601471218414,6.859484023007385,0.2387645140027692,0.2429507681451809,261316.74787228592
0.29000000000000015,0.8171317700070687,1.002503315085978,0.03515398614706483,5.6785058087291755,6.990929198437042,0.24320913579395292,0.2393785220995825,259877.98370317294
0.29500000000000015,0.845785363463954,1.037788968567142,0.03638120856971289,5.782931574024955,7.123332194028581,0.247679833265271,0.23582237446764073,258459.1389818546
0.30000000000000016,0.8749624405524757,1.0737391268208527,0.037630852388302514,5.88789926138373,7.256731107455734,0.25217769417057867,0.23228217406015067,257059.79631575313
0.30500000000000016,0.9046657635991446,1.110358867437504,0.0389030562009496,5.993429957283816,7.391165139204748,0.2567038308882574,0.22875777235856437,255679.55008679803
0.31000000000000016,0.9348982019300383,1.1476534669278642,0.04019796423274806,6.09954537507365,7.52667465693935,0.26125938183112535,0.22524902344835107,254318.00603542023
0.31500000000000017,0.9656627350968857,1.1856284067295315,0.04151572646970133,6.206267891665357,7.6633012637275995,0.2658455129501836,0.22175578395450224,252974.78086216663
0.3200000000000002,0.9969624562920947,1.224289379564971,0.04285649880042637,6.313620586418238,7.801087870448183,0.270463419339834,0.218277912979097,251649.5018460662
0.3250000000000002,1.0288005759641239,1.2636422961728984,0.044220443166158176,6.421627282393488,7.94007877272276,0.2751143269528868,0.21481527204084735,250341.80647892895
0.3300000000000002,1.0611804256455533,1.3036932924365885,0.04560772771962647,6.530312590178218,8.080319732753273,0.2797994944344296,0.2113677250165474,249051.34211480254
0.3350000000000002,1.0941054620072377,1.3444487369346692,0.04701852699342371,6.639701954495511,8.221858066478957,0.284520215084467,0.2079351380843523,247777.76563385653
0.3400000000000002,1.1275792711530714,1.385915238942136,0.048453022078535316,6.749821703838031,8.364742736507777,0.28927781896017596,0.2045173796688179,246520.74312000303
0.3450000000000002,1.161605573171131,1.428099656911709,0.0499114008137599,6.860699103385791,8.509024451321434,0.2940736751296583,0.20111432038763405,245279.9495515995
0.3500000000000002,1.1961882269583317,1.4710091074682696,0.051393857986809635,6.972362411494486,8.654755771302785,0.2989091940902353,0.1977258329999881,244055.0685046174
0.3550000000000002,1.231331235337242,1.5146509749520016,0.05290059554794928,7.084840940069623,8.801991222189983,0.30378583036562173,0.19435179235649724,242845.79186769042
0.3600000000000002,1.2670387504853509,1.559032921549036,0.054431822837107756,7.198165119173883,8.950787416623754,0.30870508529777,0.1909920753506518,241651.81956849023
0.3650000000000002,1.3033150796989137,1.604162898051905,0.05598775682547918,7.312366566251288,9.101203184523834,0.3136685100507987,0.18764656087171394,240472.85931090437
0.3700000000000002,1.3401646915155225,1.6500491552959864,0.057568622372721784,7.427478160392255,9.253299713108778,0.3186777088462445,0.18431512975901812,239308.62632252098
0.3750000000000002,1.3775922222217762,1.6967002563224116,0.059174652500964715,7.5435341221092,9.407140697461273,0.3237343424509288,0.18099766475762258,238158.84311194898
0.3800000000000002,1.4156024827749083,1.7441250893226652,0.060806088686944634,7.660570099143649,9.562792502640162,0.3288401319410398,0.17769405047526318,237023.23923552854
0.38500000000000023,1.4542004661699766,1.792332881425396,0.06246318117371883,7.778623258883701,9.72032433845218,0.3339968627686393,0.1744041733405626,235901.55107300772
0.39000000000000024,1.4933913552872762,1.8413332133918336,0.06414618930353981,7.897732388036129,9.879808448122906,0.33920638915975077,0.17112792156245044,234793.52161178575
0.39500000000000024,1.533180531258045,1.891136035292765,0.06585538187363049,8.017938000271466,10.0413203122497,0.34447063887652213,0.16786518509075124,233698.90023933983
0.40000000000000024,1.573573582390335,1.9417516832473445,0.06759103751677117,8.139282452644506,10.204938869582069,0.34979161837974887,0.16461585557789943,232617.4425434766
0.40500000000000025,1.6145763137011668,1.9931908973121997,0.06935344510880141,8.261810071688267,10.370746756360017,0.3551714184323484,0.1613798263417417,231548.91012006218
0.41000000000000025,1.6561947571058584,2.0454648406184797,0.0711429042053555,8.385567290188325,10.538830566151942,0.36061222018928935,0.15815699232938918,230493.07038790733
0.41500000000000026,1.6984351823207515,2.0985851198647967,0.07295972551039144,8.510602795768902,10.7092811323748,0.36611630182508786,0.15494725008208343,229449.69641049544
0.42000000000000026,1.7413041085415848,2.152563807285622,0.07480423137934517,8.63696769256441,10.882193835955436,0.37168604575640346,0.15175049770104088,228418.56672426008
0.42500000000000027,1.7845749234128017,2.207008546267317,0.0766664676104375,8.671358255922303,10.895701756722437,0.3732084466805264,0.15,227857.2949016281
0.43000000000000027,1.827916301001979,2.2613451043748505,0.07853184645071361,8.665192779748624,10.838921486291039,0.37294308942991883,0.15,227857.2949016281
0.4350000000000003,1.871226915490776,2.315397928756561,0.08039590127131838,8.659053015770105,10.78220826639319,0.3726788388119902,0.15,227857.2949016281
0.4400000000000003,1.9145068951685333,2.3691673536607256,0.08225863759372426,8.652938855332877,10.72556169527271,0.3724156901503633,0.15,227857.2949016281
0.4450000000000003,1.9577563677821073,2.4226537113314883,0.08412006091605558,8.646850190096739,10.668981373032413,0.37215363878216096,0.15,227857.2949016281
0.4500000000000003,2.000975460537423,2.475857332018129,0.08598017671315539,8.640786912029473,10.612466901623804,0.3718926800577615,0.15,227857.2949016281
0.4550000000000003,2.0441643001009995,2.5287785439842807,0.08783899043665118,8.634748913401168,10.556017884836901,0.3716328093405541,0.15,227857.2949016281
0.4600000000000003,2.087323012601449,2.5814176735170986,0.0896965075150193,8.62873608677854,10.499633928290196,0.3713740220066946,0.15,227857.2949016281
0.4650000000000003,2.1304517236309435,2.633775044936376,0.09155273335364819,8.622748325019256,10.443314639420768,0.37111631344486123,0.15,227857.2949016281
0.4700000000000003,2.1735505582466574,2.685850980603614,0.09340767333490037,8.616785521266264,10.38705962747453,0.37085967905601047,0.15,227857.2949016281
0.4750000000000003,2.2166196409721786,2.737645800931042,0.09526133281817323,8.610847568942125,10.330868503496617,0.370604114253133,0.15,227857.2949016281
0.4800000000000003,2.259659095798892,2.7891598243905884,0.09711371713995859,8.60493436174334,10.274740880321911,0.37034961446100967,0.15,227857.2949016281
0.4850000000000003,2.302669046187337,2.8403933675228075,0.09896483161390103,8.59904579363468,10.21867637256571,0.3700961751159677,0.15,227857.2949016281
0.4900000000000003,2.3456496150685324,2.891346744945758,0.10081468153085504,8.59318175884353,10.162674596614542,0.36984379166563675,0.15,227857.2949016281
0.49500000000000033,2.3886009248452766,2.942020269363837,0.1026632721589409,8.587342151854214,10.106735170617105,0.369592459568705,0.15,227857.2949016281
0.5000000000000003,2.431523097393418,2.992414251576568,0.10451060874359935,8.581526867402332,10.05085771447536,0.3693421742946754,0.15,227857.2949016281
0.5050000000000003,2.4744162540630965,3.0425290004873458,0.1063566965076451,8.575735800469094,9.995041849835758,0.3690929313236218,0.15,227857.2949016281
0.5100000000000003,2.5172805156799583,3.0923648231121366,0.10820154065131901,8.569968846275659,9.939287200080612,0.3688447261459451,0.15,227857.2949016281
0.5150000000000003,2.560116002546341,3.141922024588137,0.1100451463523392,8.564225900277462,9.8835933903196,0.3685975542621294,0.15,227857.2949016281
0.5200000000000004,2.602922834442431,3.1912009081823896,0.11188751876595077,8.558506858158552,9.827960047381419,0.36835141118249815,0.15,227857.2949016281
0.5250000000000004,2.6457011306273923,3.240201775300357,0.11372866302497443,8.552811615825922,9.77238679980557,0.36810629242697007,0.15,227857.2949016281
0.5300000000000004,2.688451009840467,3.288924925494457,0.1155685842398539,8.547140069403842,9.716873277834297,0.36786219352481536,0.15,227857.2949016281
0.5350000000000004,2.7311725903020467,3.337370656472554,0.11740728749870197,8.541492115228186,9.661419113404648,0.36761911001441144,0.15,227857.2949016281
0.5400000000000004,2.773865989714719,3.3855392641064173,0.1192447778673455,8.53586764984076,9.606023940140693,0.367377037442999,0.15,227857.2949016281
0.5450000000000004,2.81653132526428,3.4334310424401338,0.12108106038936908,8.53026656998363,9.550687393345873,0.3671359713664376,0.15,227857.2949016281
0.5500000000000004,2.8591687136207224,3.481046283698487,0.12291614008615757,8.524688772593441,9.495409109995501,0.36689590734896155,0.15,227857.2949016281
0.5550000000000004,2.9017782709391953,3.5283852782952994,0.12475002195693732,8.519134154795747,9.44018872872939,0.3666568409629354,0.15,227857.2949016281
0.5600000000000004,2.944360112860933,3.5754483148417346,0.12658271097881618,8.513602613899321,9.385025889844638,0.36641876778860943,0.15,227857.2949016281
0.5650000000000004,2.9869143545141577,3.6222356801545676,0.12841421210682238,8.508094047390475,9.329920235288538,0.3661816834138751,0.15,227857.2949016281
0.5700000000000004,3.029441110514952,3.668747659264418,0.13024453027394212,8.502608352927373,9.274871408651654,0.36594558343402017,0.15,227857.2949016281
0.5750000000000004,3.0719404949681066,3.7149845354239495,0.1320736703911559,8.497145428334344,9.21987905516101,0.365710463451484,0.15,227857.2949016281
0.5800000000000004,3.114412621467933,3.7609465901160357,0.13390163734747362,8.491705171596186,9.164942821673453,0.3654763190756125,0.15,227857.2949016281
0.5850000000000004,3.1568576030990547,3.806634103061892,0.1357284360099687,8.486287480852473,9.11006235666913,0.36524314592241297,0.15,227857.2949016281
0.5900000000000004,3.1992755524371654,3.852047352229178,0.1375540712238105,8.480892254391856,9.055237310245138,0.36501093961430875,0.15,227857.2949016281
0.5950000000000004,3.241666581549761,3.897186613840064,0.139378547812296,8.475519390646356,9.000467334109286,0.36477969577989394,0.15,227857.2949016281
0.6000000000000004,3.2840308019968414,3.9420521623792726,0.14120187057687997,8.470168788185669,8.945752081574035,0.36454941005368785,0.15,227857.2949016281
0.6050000000000004,3.3263683248315843,3.986644270602084,0.14302404429720392,8.464840345711448,8.891091207550556,0.36432007807588923,0.15,227857.2949016281
0.6100000000000004,3.368679260600992,4.030963209542318,0.14484507373112396,8.459533962051593,8.836484368542946,0.36409169549213044,0.15,227857.2949016281
0.6150000000000004,3.4109637193465074,4.075009248520281,0.14666496361473735,8.454249536154537,8.781931222642589,0.3638642579532314,0.15,227857.2949016281
0.6200000000000004,3.4532218106046026,4.118782655150694,0.1484837186624078,8.448986967083528,8.727431429522662,0.36363776111495366,0.15,227857.2949016281
0.6250000000000004,3.495453643407339,4.162283695350583,0.1503013435667896,8.443746154010904,8.672984650432788,0.3634122006377538,0.15,227857.2949016281
0.6300000000000004,3.5376593262828973,4.2055126333471495,0.1521178429988503,8.438526996212369,8.618590548193835,0.36318757218653724,0.15,227857.2949016281
0.6350000000000005,3.5798389672560815,4.248469731685616,0.1539332216078927,8.433329393061264,8.564248787192863,0.36296387143041164,0.15,227857.2949016281
0.6400000000000005,3.621992673848792,4.2911552512370434,0.15574748402157482,8.428153244022832,8.509959033378227,0.3627410940424401,0.15,227857.2949016281
0.6450000000000005,3.6641205530804704,4.3335694512061265,0.15756063484592941,8.422998448648489,8.45572095425481,0.36251923569939437,0.15,227857.2949016281
0.6500000000000005,3.706222711468517,4.375712589138962,0.15937267866538168,8.41786490657008,8.40153421887943,0.362298292081508,0.15,227857.2949016281
0.6550000000000005,3.7482992550286776,4.417584920930802,0.16118362004276604,8.412752517494141,8.34739849785638,0.3620782588722291,0.15,227857.2949016281
0.6600000000000005,3.7903502892754033,4.459186700833776,0.16299346351934155,8.407661181196158,8.293313463333122,0.3618591317579733,0.15,227857.2949016281
0.6650000000000005,3.832375919222181,4.500518181464599,0.16480221361480618,8.402590797514815,8.23927878899614,0.3616409064278763,0.15,227857.2949016281
0.6700000000000005,3.8743762493818337,4.541579613812257,0.16660987482730974,8.397541266346254,8.18529415006693,0.3614235785735466,0.15,227857.2949016281
0.6750000000000005,3.916351383766795,4.5823712472456695,0.16841645163346566,8.392512487638319,8.13135922329816,0.36120714388881814,0.15,227857.2949016281
0.6800000000000005,3.9583014258893527,4.6228933295213395,0.17022194848836147,8.387504361384808,8.077473686969972,0.3609915980695025,0.15,227857.2949016281
0.6850000000000005,4.000226478761864,4.663146106790981,0.17202636982556807,8.382516787619721,8.023637220886439,0.3607769368131415,0.15,227857.2949016281
0.6900000000000005,4.042126644896943,4.703129823609127,0.17382972005714784,8.377549666411504,7.969849506372181,0.3605631558187596,0.15,227857.2949016281
0.6950000000000005,4.084002026307615,4.74284472294073,0.17563200357366127,8.372602897857293,7.916110226269133,0.3603502507866161,0.15,227857.2949016281
0.7000000000000005,4.1258527245074506,4.782291046168737,0.1774332247441727,8.367676382077168,7.862419064933471,0.36013821741795765,0.15,227857.2949016281
0.7050000000000005,4.167678840510664,4.8214690331016525,0.1792333879162545,8.36277001920839,7.808775708232694,0.3599270514147705,0.15,227857.2949016281
0.7100000000000005,4.209480474832184,4.860378921981091,0.18103249741599026,8.357883709399655,7.755179843542858,0.3597167484795328,0.15,227857.2949016281
0.7150000000000005,4.251257727487697,4.899020949489313,0.1828305575479765,8.353017352805331,7.701631159745981,0.35950730431496714,0.15,227857.2949016281
0.7200000000000005,4.293010697993659,4.937395350756747,0.1846275725953234,8.34817084957972,7.648129347227594,0.35929871462379304,0.15,227857.2949016281
0.7250000000000005,4.334739485367287,4.975502359369502,0.18642354681965406,8.343344099871299,7.594674097874459,0.3590909751084795,0.15,227857.2949016281
0.7300000000000005,4.3764441881265075,5.013342207376869,0.18821848446110276,8.33853700381698,7.541265105072446,0.3588840814709976,0.15,227857.2949016281
0.7350000000000005,4.418124904289891,5.050915125298812,0.1900123897383117,8.333749461536364,7.487902063704568,0.3586780294125735,0.15,227857.2949016281
0.7400000000000005,4.459781731376546,5.088221342133447,0.19180526684842672,8.328981373126009,7.434584670149183,0.3584728146334414,0.15,227857.2949016281
0.7450000000000006,4.501414766405996,5.1252610853645155,0.1935971199670918,8.324232638653685,7.381312622278358,0.35826843283259674,0.15,227857.2949016281
0.7500000000000006,4.543024105898012,5.162034580968853,0.1953879532484422,8.319503158152655,7.328085619456389,0.3580648797075497,0.15,227857.2949016281
0.7550000000000006,4.584609845872434,5.19854205342384,0.19717777082509627,8.314792831615947,7.274903362538497,0.35786215095407875,0.15,227857.2949016281
0.7600000000000006,4.62617208184895,5.234783725714861,0.19896657680814642,8.31010155899064,7.22176555386968,0.35766024226598486,0.15,227857.2949016281
0.7650000000000006,4.667710908846857,5.270759819342745,0.20075437528714848,8.30542924017216,7.168671897283736,0.35745914933484574,0.15,227857.2949016281
0.7700000000000006,4.709226421384784,5.30647055433121,0.20254117033011002,8.300775774998574,7.115622098102447,0.35725886784977046,0.15,227857.2949016281
0.7750000000000006,4.750718713480393,5.3419161492343035,0.20432696598347733,8.296141063244905,7.062615863134938,0.3570593934971548,0.15,227857.2949016281
0.7800000000000006,4.792187878650049,5.377096821143834,0.2061117662721213,8.291525004617451,7.009652900677197,0.3568607219604366,0.15,227857.2949016281
0.7850000000000006,4.8336340099084625,5.412012785696806,0.20789557519932203,8.286927498748117,6.956732920511768,0.3566628489198519,0.15,227857.2949016281
0.7900000000000006,4.875057199768305,5.446664257082855,0.20967839674675215,8.28234844518876,6.903855633907613,0.3564657700521915,0.15,227857.2949016281
0.7950000000000006,4.916457540239791,5.481051448051674,0.21146023487445903,8.277787743405543,6.851020753620141,0.35626948103055817,0.15,227857.2949016281
0.8000000000000006,4.957835122830238,5.515174569920453,0.21324109352084575,8.273245292773318,6.798227993891413,0.35607397752412445,0.15,227857.2949016281
0.8050000000000006,4.999190038543596,5.549033832581308,0.2150209766026508,8.268720992570001,6.7454770704505185,0.3558792551978911,0.15,227857.2949016281
0.8100000000000006,5.040522377879949,5.5826294445087195,0.21679988801492664,8.26421474197099,6.692767700514117,0.3556853097124464,0.15,227857.2949016281
0.8150000000000006,5.081832230834985,5.615961612766973,0.21857783163101707,8.259726440043579,6.64009960278716,0.3554921367237259,0.15,227857.2949016281
0.8200000000000006,5.1231196868994475,5.6490305430176,0.22035481130253332,8.255255985741405,6.587472497463788,0.3552997318827737,0.15,227857.2949016281
0.8250000000000006,5.164384835058549,5.681836439526831,0.222130830859329,8.250803277898914,6.534886106228397,0.3551080908355037,0.15,227857.2949016281
0.8300000000000006,5.205627763791361,5.714379505173044,0.22390589410947392,8.246368215225845,6.482340152256879,0.3549172092224627,0.15,227857.2949016281
0.8350000000000006,5.24684856107018,5.746659941454231,0.22568000483922657,8.24195069630174,6.429834360218045,0.35472708267859393,0.15,227857.2949016281
0.8400000000000006,5.2880473143598605,5.7786779484954645,0.22745316681300556,8.237550619570483,6.37736845627522,0.3545377068330018,0.15,227857.2949016281
0.8450000000000006,5.329224110617124,5.810433725056373,0.22922538377335985,8.233167883334856,6.324942168088011,0.354349077308718,0.15,227857.2949016281
0.8500000000000006,5.370379036289839,5.841927468538628,0.2309966594409378,8.228802385751132,6.272555224814264,0.35416118972246863,0.15,227857.2949016281
0.8550000000000006,5.411512177316276,5.8731593749934445,0.2327669975144551,8.224454024823702,6.220207357112184,0.3539740396844427,0.15,227857.2949016281
0.8600000000000007,5.452623619124335,5.904129639129081,0.23453640167066137,8.220122698399718,6.167898297142646,0.35378762279806186,0.15,227857.2949016281
0.8650000000000007,5.493713446630744,5.934838454318367,0.2363048755643059,8.215808304163783,6.115627778571678,0.3536019346597519,0.15,227857.2949016281
0.8700000000000007,5.5347817442402345,5.965286012606229,0.23807242282810206,8.211510739632674,6.063395536573125,0.3534169708587154,0.15,227857.2949016281
0.8750000000000007,5.575828595844691,5.99547250471724,0.23983904707269063,8.207229902150095,6.0112013078314925,0.353232726976706,0.15,227857.2949016281
0.8800000000000007,5.61685408482227,6.025398120063181,0.2416047518866019,8.20296568888148,5.959044830544968,0.3530491985878048,0.15,227857.2949016281
0.8850000000000007,5.657858294036496,6.055063046750615,0.24336954083621692,8.198717996808831,5.9069258444286294,0.3528663812581981,0.15,227857.2949016281
0.8900000000000007,5.698841305835332,6.08446747158848,0.2451334174657273,8.194486722725593,5.854844090717822,0.35268427054595686,0.15,227857.2949016281
0.8950000000000007,5.739803202050225,6.1136115800957045,0.24689638529709426,8.19027176323159,5.802799312171727,0.35250286200081876,0.15,227857.2949016281
0.9000000000000007,5.780744063995123,6.142495556508827,0.24865844783000624,8.186073014727992,5.750791253077109,0.35232215116397153,0.15,227857.2949016281
0.9050000000000007,5.821663972465474,6.17111958378965,0.25041960854183576,8.181890373412344,5.698819659252236,0.3521421335678391,0.15,227857.2949016281
0.9100000000000007,5.862563007737189,6.199483843632908,0.252179870887595,8.177723735273638,5.64688427805099,0.3519628047358692,0.15,227857.2949016281
0.9150000000000007,5.903441249565592,6.227588516473953,0.2539392382998905,8.17357299608744,5.594984858367154,0.3517841601823244,0.15,227857.2949016281
0.9200000000000007,5.944298777184338,6.2554337814964684,0.2556977141888765,8.169438051411085,5.543121150638879,0.35160619541207416,0.15,227857.2949016281
0.9250000000000007,5.985135669304313,6.283019816640199,0.25745530194220767,8.165318796578912,5.491292906853334,0.35142890592039083,0.15,227857.2949016281
0.9300000000000007,6.025952004112504,6.310346798608712,0.2592120049249905,8.161215126697575,5.439499880551533,0.3512522871927472,0.15,227857.2949016281
0.9350000000000007,6.066747859270852,6.337414902877174,0.26096782647973393,8.157126936641415,5.387741826833345,0.3510763347046174,0.15,227857.2949016281
0.9400000000000007,6.107523311915076,6.364224303700164,0.26272276992629867,8.15305412104789,5.336018502362683,0.3509010439212805,0.15,227857.2949016281
0.9450000000000007,6.148278438653478,6.3907751741195025,0.26447683856184595,8.148996574313092,5.284329665372871,0.3507264102976272,0.15,227857.2949016281
0.9500000000000007,6.189013315565729,6.417067685972115,0.26623003566078496,8.14495419058731,5.232675075672189,0.35055242927796915,0.15,227857.2949016281
0.9550000000000007,6.229728018201624,6.4431020098979195,0.2679823644747195,8.140926863770694,5.181054494649598,0.3503790962958522,0.15,227857.2949016281
0.9600000000000007,6.270422621579823,6.468878315347745,0.26973382823239384,8.136914487508983,5.129467685280643,0.3502064067738724,0.15,227857.2949016281
0.9650000000000007,6.311097200186569,6.494396770591281,0.27148443013963725,8.132916955189312,5.077914412133527,0.35003435612349576,0.15,227857.2949016281
0.9700000000000008,6.3517518279743825,6.519657542725053,0.27323417337930817,8.128934159936103,5.026394441375369,0.34986293974488153,0.15,227857.2949016281
0.9750000000000008,6.392386578360741,6.544660797680438,0.27498306111123716,8.124965994607052,4.974907540778627,0.3496921530267091,0.15,227857.2949016281
0.9800000000000008,6.433001524226731,6.569406700231704,0.276731096472169,8.121012351789192,4.923453479727704,0.3495219913460087,0.15,227857.2949016281
0.9850000000000008,6.473596737915692,6.593895414004087,0.278478282575704,8.117073123795057,4.8720320292257195,0.3493524500679964,0.15,227857.2949016281
0.9900000000000008,6.5141722912318265,6.618127101481905,0.2802246225122388,8.113148202658937,4.820642961901455,0.34918352454591295,0.15,227857.2949016281
0.9950000000000008,6.554728255438807,6.6421019240167,0.28197011934890576,8.109237480133235,4.769286052016468,0.34901521012086667,0.15,227857.2949016281
1.0000000000000007,6.595264701258352,6.665820041835422,0.2837147761295121,8.105340847684921,4.717961075472375,0.34884750212168136,0.15,227857.2949016281
1.0050000000000006,6.6357816988687945,6.689281614048649,0.2854585958744782,8.101458196492098,4.666667809818301,0.34868039586474797,0.15,227857.2949016281
1.0100000000000005,6.676279317903626,6.712486798658841,0.28720158158077475,8.09758941744067,4.615406034258493,0.34851388665388155,0.15,227857.2949016281
1.0150000000000003,6.716757627450031,6.7354357525686375,0.2889437362218599,8.093734401121125,4.564175529660097,0.3483479697801827,0.15,227857.2949016281
1.0200000000000002,6.757216696047397,6.758128631589191,0.29068506274761513,8.089893037825432,4.512976078561095,0.3481826405219039,0.15,227857.2949016281
1.0250000000000001,6.797656591685821,6.78056559044854,0.2924255640842807,8.086065217544057,4.461807465178402,0.3480178941443213,0.15,227857.2949016281
1.03,6.838077381804589,6.8027467828000265,0.2941652431343906,8.082250829963103,4.410669475416118,0.34785372589961144,0.15,227857.2949016281
1.035,6.878479133290651,6.824672361230752,0.2959041027767064,8.07844976446157,4.359561896873936,0.34769013102673335,0.15,227857.2949016281
1.0399999999999998,6.918861912477077,6.846342477270076,0.29764214586615156,8.074661910108754,4.3084845188557,0.34752710475131665,0.15,227857.2949016281
1.0449999999999997,6.959225785141503,6.86775728139816,0.29937937523374375,8.07088715566176,4.257437132378111,0.3473646422855547,0.15,227857.2949016281
1.0499999999999996,6.999570816504566,6.888916923054555,0.3011157936865279,8.067125389563179,4.2064195301795815,0.34720273882810404,0.15,227857.2949016281
1.0549999999999995,7.039897071228321,6.909821550646827,0.30285140400750815,8.063376499938876,4.155431506729233,0.34704138956398994,0.15,227857.2949016281
1.0599999999999994,7.080204613414658,6.93047131155924,0.3045862089555794,8.059640374595942,4.104472858236029,0.34688058966451774,0.15,227857.2949016281
1.0649999999999993,7.1204935066037,6.950866352161475,0.30632021126545866,8.055916901020781,4.053543382658052,0.3467203342871906,0.15,227857.2949016281
1.0699999999999992,7.160763813772196,6.9710068178174,0.30805341364761574,8.052205966377356,4.002642879711907,0.34656061857563414,0.15,227857.2949016281
1.074999999999999,7.201015597331903,6.990892852893885,0.30978581878820366,8.048507457505579,3.9517711508822564,0.3464014376595271,0.15,227857.2949016281
1.079999999999999,7.241248919127966,7.010524600769669,0.31151742934898885,8.044821260919871,3.9009279994314854,0.3462427866545393,0.15,227857.2949016281
1.0849999999999989,7.281463840437286,7.029902203844271,0.3132482479672809,8.041147262807874,3.850113230409482,0.3460846606622763,0.15,227857.2949016281
1.0899999999999987,7.321660421966879,7.049025803546954,0.3149782772558622,8.037485349029334,3.7993266506635406,0.3459270547702312,0.15,227857.2949016281
1.0949999999999986,7.36183872385224,7.0678955403457335,0.3167075198029171,8.033835405115147,3.7485680688483765,0.3457699640517438,0.15,227857.2949016281
1.0999999999999985,7.401998805655694,7.086511553756445,0.3184359781719614,8.030197316266584,3.69783729543625,0.34561338356596694,0.15,227857.2949016281
1.1049999999999984,7.442140726364747,7.104873982351854,0.3201636549017709,8.026570967354688,3.6471341427271957,0.3454573083578407,0.15,227857.2949016281
1.1099999999999983,7.482264544390434,7.12298296377082,0.3218905525063107,8.02295624291985,3.596458424859352,0.34530173345807424,0.15,227857.2949016281
1.1149999999999982,7.522370317565662,7.140838634727517,0.3236166734746637,8.01935302717157,3.545809957819383,0.3451466538831355,0.15,227857.2949016281
1.119999999999998,7.5624581031435625,7.158441131020698,0.32534202027095965,8.015761203988404,3.495188559452995,0.3449920646352486,0.15,227857.2949016281
1.124999999999998,7.602527957795829,7.17579058754302,0.32706659533430377,8.012180656918103,3.4445940494755303,0.34483796070240036,0.15,227857.2949016281
1.129999999999998,7.642579937611068,7.192887138290415,0.32879040107870566,8.008611269177939,3.3940262494826485,0.3446843370583539,0.15,227857.2949016281
1.1349999999999978,7.682614098093151,7.209730916371525,0.33051343989300824,8.005052923655237,3.3434849829610753,0.3445311886626717,0.15,227857.2949016281
1.1399999999999977,7.72263049415956,7.226322054017176,0.33223571414081676,8.0015055029081,3.2929700752994195,0.3443785104607468,0.15,227857.2949016281
1.1449999999999976,7.762629180139746,7.242660682589922,0.3339572261604282,7.997968889166344,3.2424813537990547,0.3442262973838429,0.15,227857.2949016281
1.1499999999999975,7.802610209773493,7.258746932593633,0.3356779782647607,7.994442964332629,3.1920186476850523,0.34407454434914336,0.15,227857.2949016281
1.1549999999999974,7.842573636209284,7.274580933683138,0.3373979727412831,7.990927609983813,3.141581788117168,0.34392324625980913,0.15,227857.2949016281
1.1599999999999973,7.882519512002675,7.290162814673933,0.3391172118519452,7.987422707372509,3.091170608200866,0.34377239800504605,0.15,227857.2949016281
1.1649999999999971,7.922447889114679,7.3054927035519315,0.3408356978331083,7.983928137428863,3.040784942998384,0.3436219944601811,0.15,227857.2949016281
1.169999999999997,7.9623588189101575,7.320570727483277,0.34255343289547563,7.980443780762549,2.990424629539823,0.3434720304867485,0.15,227857.2949016281
1.174999999999997,8.002252352156226,7.335397012824212,0.34427041922402396,7.976969517664986,2.9400895068342603,0.34332250093258493,0.15,227857.2949016281
1.1799999999999968,8.042128539020668,7.349971685131,0.34598665897793524,7.973505228111777,2.8897794158808794,0.3431734006319346,0.15,227857.2949016281
1.1849999999999967,8.081987429070361,7.364294869169902,0.347702154290529,7.970050791765377,2.8394941996801046,0.34302472440556414,0.15,227857.2949016281
1.1899999999999966,8.121829071269719,7.378366688927215,0.3494169072691951,7.9666060879779925,2.789233703244737,0.3428764670608873,0.15,227857.2949016281
1.1949999999999965,8.16165351397915,7.392187267619354,0.3511309199953276,7.963170995794705,2.73899777361108,0.3427286233920995,0.15,227857.2949016281
1.1999999999999964,8.201460804953529,7.4057567277030065,0.35284419452425864,7.959745393956837,2.688786259850054,0.3425811881803224,0.15,227857.2949016281
1.2049999999999963,8.241250991340685,7.419075190885327,0.35455673288519385,7.956329160905547,2.6385990130782817,0.34243415619375905,0.15,227857.2949016281
1.2099999999999962,8.281024119679913,7.432142778134196,0.3562685370811479,7.952922174785667,2.5884358864691466,0.34228752218785874,0.15,227857.2949016281
1.214999999999996,8.320780235900502,7.444959609688528,0.3579796090888813,7.949524313449777,2.5382967352638075,0.34214128090549245,0.15,227857.2949016281
1.219999999999996,8.360519385320282,7.457525805068643,0.3596899508588379,7.946135454462518,2.488181416782166,0.3419954270771386,0.15,227857.2949016281
1.2249999999999959,8.400241612644201,7.469841483086683,0.36139956431508347,7.942755475105158,2.4380897904337777,0.34184995542107927,0.15,227857.2949016281
1.2299999999999958,8.439946961962915,7.48190676185709,0.36310845135524517,7.939384252380385,2.388021717728696,0.34170486064360683,0.15,227857.2949016281
1.2349999999999957,8.47963547675141,7.4937217588071325,0.3648166138504523,7.936021663017361,2.3379770622882434,0.3415601374392413,0.15,227857.2949016281
1.2399999999999956,8.519307199867646,7.505286590687493,0.3665240536452778,7.9326675834770155,2.287955689855695,0.3414157804909581,0.15,227857.2949016281
1.2449999999999954,8.558962173551231,7.516601373582899,0.3682307725576813,7.929321889957582,2.2379574683068753,0.3412717844704265,0.15,227857.2949016281
1.2499999999999953,8.598600439422126,7.527666222922818,0.369936772378953,7.925984458400389,2.1879822676606486,0.3411281440382587,0.15,227857.2949016281
1.2549999999999952,8.638222038479368,7.538481253492193,0.3716420548736593,7.922655164495893,2.1380299600893022,0.34098485384426963,0.15,227857.2949016281
1.2599999999999951,8.677827011099833,7.549046579442238,0.3733466217795893,7.919333883689962,2.088100419928805,0.34084190852774726,0.15,227857.2949016281
1.264999999999995,8.717415397037033,7.559362314301282,0.37505047480770304,7.916020491190406,2.0381935236889412,0.34069930271773385,0.15,227857.2949016281
1.269999999999995,8.756987235419944,7.569428570985663,0.37675361564208065,7.9127148619737575,1.9883091500633028,0.3405570310333175,0.15,227857.2949016281
1.2749999999999948,8.796542564751858,7.579245461810669,0.3784560459398738,7.909416870792293,1.9384471799391332,0.3404150880839347,0.15,227857.2949016281
1.2799999999999947,8.836081422909292,7.588813098501534,0.38015776733125783,7.906126392181308,1.8886074964070145,0.34027346846968315,0.15,227857.2949016281
1.2849999999999946,8.875603847140912,7.598131592204478,0.3818587814193862,7.9028433004666345,1.838789984770386,0.34013216678164526,0.15,227857.2949016281
1.2899999999999945,8.91510987406651,7.607201053497791,0.38355908978034586,7.8995674697724,1.7889945325548862,0.3399911776022224,0.15,227857.2949016281
1.2949999999999944,8.954599539676012,7.616021592402972,0.38525869396311513,7.896298774029033,1.7392210295175086,0.33985049550547936,0.15,227857.2949016281
1.2999999999999943,8.994072879328538,7.624593318395904,0.3869575954895226,7.893037086981511,1.6894693676555599,0.33971011505749915,0.15,227857.2949016281
1.3049999999999942,9.033529927751486,7.632916340418082,0.3886557958542082,7.889782282197847,1.6397394412154136,0.33957003081674825,0.15,227857.2949016281
1.309999999999994,9.072970719039676,7.640990766887873,0.39035329652458617,7.886534233077805,1.590031146701048,0.3394302373344521,0.15,227857.2949016281
1.314999999999994,9.112395286654525,7.648816705711831,0.3920500989408098,7.883292812861869,1.5403443828823584,0.3392907291549807,0.15,227857.2949016281
1.3199999999999938,9.151803663423282,7.656394264296045,0.39374620451573783,7.880057894640427,1.4906790508032364,0.339151500816244,0.15,227857.2949016281
1.3249999999999937,9.191195881538292,7.663723549557527,0.3954416146349037,7.876829351363194,1.4410350537894032,0.3390125468500976,0.15,227857.2949016281
1.3299999999999936,9.230571972556321,7.6708046679356405,0.39713633065648585,7.873607055848858,1.391412297455992,0.33887386178275763,0.15,227857.2949016281
1.3349999999999935,9.26993196739793,7.677637725403567,0.3988303539112808,7.87039088079495,1.3418106897148656,0.338735440135226,0.15,227857.2949016281
1.3399999999999934,9.309275896346888,7.684222827479808,0.40052368570267816,7.867180698787939,1.292230140781664,0.3385972764237244,0.15,227857.2949016281
1.3449999999999933,9.348603789049642,7.690560079239719,0.4022163273066378,7.863976382313534,1.2426705631825703,0.33845936516013786,0.15,227857.2949016281
1.3499999999999932,9.387915674514844,7.696649585327077,0.40390827997166934,7.8607778037672045,1.1931318717607866,0.3383217008524677,0.15,227857.2949016281
1.354999999999993,9.427211581112925,7.702491449965686,0.4055995449188137,7.857584835464907,1.1436139836827115,0.33818427800529305,0.15,227857.2949016281
1.359999999999993,9.466491536575722,7.708085776971003,0.40729012334162756,7.854397349654015,1.0941168184438108,0.3380470911202411,0.15,227857.2949016281
1.3649999999999929,9.505755567996168,7.713432669761798,0.4089800164061693,7.851215218524442,1.044640297874171,0.3379101346964663,0.15,227857.2949016281
1.3699999999999928,9.54500370182803,7.718532231371843,0.4106692252509883,7.848038314219971,0.9951843461437292,0.33777340323113736,0.15,227857.2949016281
1.3749999999999927,9.584235963885703,7.723384564461621,0.41235775098711597,7.844866508849756,0.945748889767171,0.33763689121993284,0.15,227857.2949016281
1.3799999999999926,9.623452379344078,7.72798977133006,0.4140455946980597,7.841699674500019,0.8963338576084865,0.3375005931575442,0.15,227857.2949016281
1.3849999999999925,9.662652972738442,7.732347953926294,0.415732757439799,7.8385376832459155,0.8469391808851792,0.33736450353818664,0.15,227857.2949016281
1.3899999999999924,9.701837767964467,7.736459213861438,0.41741924024078475,7.8353804071635755,0.7975647931721181,0.3372286168561173,0.15,227857.2949016281
1.3949999999999922,9.74100678827823,7.740323652420381,0.41910504410194044,7.832227718342308,0.7482106304050276,0.3370929276061606,0.15,227857.2949016281
1.3999999999999921,9.78016005629633,7.743941370573602,0.42079016999666646,7.829079488896964,0.6988766308836054,0.3369574302842401,0.15,227857.2949016281
1.404999999999992,9.819297593996023,7.747312468988997,0.42247461887084686,7.825935590980451,0.6495627352742651,0.3368221193879174,0.15,227857.2949016281
1.409999999999992,9.858419422715464,7.750437048043714,0.424158391642859,7.822795896796392,0.6002688866124933,0.33668698941693687,0.15,227857.2949016281
1.4149999999999918,9.897525563153986,7.753315207836007,0.4258414892035858,7.819660278611925,0.5509950303048172,0.3365520348737765,0.15,227857.2949016281
1.4199999999999917,9.936616035372442,7.755947048197095,0.42752391241643073,7.816528608770633,0.5017411141303765,0.3364172502642043,0.15,227857.2949016281
1.4249999999999916,9.975690858793632,7.7583326687030265,0.42920566211733585,7.813400759705592,0.45250708824209224,0.3362826300978402,0.15,227857.2949016281
1.4299999999999915,10.014750052202777,7.76047216868655,0.43088673911480224,7.810276603952546,0.4032929051674295,0.3361481688887227,0.15,227857.2949016281
1.4349999999999914,10.053793633748066,7.76236564724899,0.43256714418991377,7.807156014163179,0.35409851980874674,0.33601386115588033,0.15,227857.2949016281
1.4399999999999913,10.09282162094127,7.76401320327212,0.43424687809636325,7.804038863118498,0.3049238894432283,0.3358797014239076,0.15,227857.2949016281
1.4449999999999912,10.131834030658423,7.765414935430035,0.43592594156048187,7.800925023742299,0.25576897372239504,0.33574568422354456,0.15,227857.2949016281
1.449999999999991,10.170830879140565,7.766570942201018,0.4376043352812714,7.797814369114729,0.2066337346711893,0.3356118040922604,0.15,227857.2949016281
1.454999999999991,10.209812181994566,7.767481321879413,0.4392820599304392,7.7947067724859105,0.15751813668663,0.33547805557483995,0.15,227857.2949016281
1.4599999999999909,10.248777954194006,7.768146172587469,0.4409591161524362,7.791602107289649,0.10842214653603485,0.33534443322397367,0.15,227857.2949016281
1.4649999999999908,10.287728210080124,7.768565592287197,0.4426355045644983,7.78850024715719,0.05934573335480655,0.3352109316008497,0.15,227857.2949016281
1.4699999999999906,10.326662963362844,7.768739678792193,0.4443112257566898,7.785401065931031,0.010288868643780133,0.3350775452757482,0.15,227857.2949016281
1.4749999999999905,10.36558222712187,7.768668529779468,0.44598628029195075,7.7823044376787776,-0.03874847373387084,0.3349442688286378,0.15,227857.2949016281
1.4799999999999904,10.404486013807833,7.768352242801243,0.4476606687061468,7.779210236707031,-0.08776631755617101,0.33481109684977345,0.15,227857.2949016281
1.4849999999999903,10.44337433524354,7.767790915296737,0.449334391508122,7.776118337575303,-0.13676468424632468,0.33467802394029506,0.15,227857.2949016281
1.4899999999999902,10.482247202625253,7.766984644603928,0.45100744917975477,7.773028615109947,-0.18574359287714293,0.3345450447128272,0.15,227857.2949016281
1.4949999999999901,10.521104626524073,7.7659335279712955,0.45267984217601703,7.769940944418098,-0.23470306017591747,0.3344121537920791,0.15,227857.2949016281
1.49999999999999,10.559946616887371,7.764637662569531,0.45435157092503586,7.76685520090161,-0.28364310052974145,0.3342793458154445,0.15,227857.2949016281
1.50499999999999,10.598773183040302,7.763097145503228,0.4560226358281585,7.763771260270986,-0.33256372599127726,0.3341466154336011,0.15,227857.2949016281
1.5099999999999898,10.637584333687379,7.761312073822538,0.45769303726002025,7.760688998559291,-0.38146494628497113,0.3340139573111092,0.15,227857.2949016281
1.5149999999999897,10.676380076914118,7.759282544534791,0.45936277556861554,7.757608292136031,-0.4303467688137135,0.3338813661270097,0.15,227857.2949016281
1.5199999999999896,10.715160420188761,7.757008654616092,0.4610318510753716,7.754529017721005,-0.4792091986659444,0.33374883657541954,0.15,227857.2949016281
1.5249999999999895,10.753925370364058,7.754490501022869,0.46270026407522546,7.751451052398108,-0.5280522386232022,0.33361636336612616,0.15,227857.2949016281
1.5299999999999894,10.792674933679127,7.751728180703391,0.4643680148367037,7.748374273629085,-0.5768758891681133,0.33348394122517927,0.15,227857.2949016281
1.5349999999999893,10.831409115761367,7.748721790609238,0.46603510360200534,7.745298559267214,-0.6256801484928215,0.33335156489547996,0.15,227857.2949016281
1.5399999999999892,10.870127921628463,7.745471427706737,0.46770153058708747,7.742223787570931,-0.6744650125078538,0.33321922913736696,0.15,227857.2949016281
1.544999999999989,10.908831355690433,7.741977188988339,0.46936729598175386,7.7391498372173695,-0.7232304748514196,0.33308692872919937,0.15,227857.2949016281
1.549999999999989,10.947519421751766,7.738239171483963,0.4710323999497467,7.736076587315815,-0.7719765268991394,0.33295465846793587,0.15,227857.2949016281
1.5549999999999888,10.986192123013607,7.734257472272279,0.4726968426288408,7.733003917421066,-0.8207031577742014,0.33282241316970956,0.15,227857.2949016281
1.5599999999999887,11.024849462076027,7.730032188491949,0.4743606241309411,7.7299317075466885,-0.8694103543579389,0.33269018767039865,0.15,227857.2949016281
1.5649999999999886,11.06349144094034,7.725563417352801,0.4760237445421826,7.7268598381781635,-0.918098101300826,0.3325579768261921,0.15,227857.2949016281
1.5699999999999885,11.102118061011499,7.720851256146965,0.47768620392303346,7.723788190285916,-0.9667663810338873,0.33242577551415053,0.15,227857.2949016281
1.5749999999999884,11.14072932310056,7.715895802259928,0.47934800230840074,7.7207166453382134,-1.0154151737805142,0.3322935786327613,0.15,227857.2949016281
1.5799999999999883,11.17932522742719,7.710697153181555,0.48100913970773884,7.717645085313938,-1.0640444575686845,0.3321613811024883,0.15,227857.2949016281
1.5849999999999882,11.217905773622263,7.705255406517025,0.48266961610516085,7.71457339271521,-1.1126542082435793,0.3320291778663149,0.15,227857.2949016281
1.589999999999988,11.256470960730502,7.699570659997714,0.4843294314595523,7.711501450579869,-1.1612443994805897,0.3318969638902818,0.15,227857.2949016281
1.594999999999988,11.295020787213186,7.693643011492016,0.48598858570468806,7.708429142493795,-1.2098150027987087,0.33176473416401664,0.15,227857.2949016281
1.5999999999999879,11.333555250950928,7.687472559016084,0.48764707874935126,7.7053563526030775,-1.2583659875743007,0.33163248370125814,0.15,227857.2949016281
1.6049999999999878,11.372074349246502,7.68105940074451,0.48930491047745533,7.7022829656260035,-1.3068973210552424,0.33150020754037196,0.15,227857.2949016281
1.6099999999999877,11.41057807882773,7.6744036350209335,0.49096208074816844,7.699208866864882,-1.3554089683754267,0.3313679007448596,0.15,227857.2949016281
1.6149999999999876,11.449066435850435,7.667505360368571,0.49261858939604025,7.69613394221768,-1.4039008925696244,0.3312355584038592,0.15,227857.2949016281
1.6199999999999875,11.487539415901454,7.660364675500675,0.4942744362311315,7.69305807818948,-1.4523730545886935,0.3311031756326387,0.15,227857.2949016281
1.6249999999999873,11.525997014001687,7.6529816793309156,0.4959296210391458,7.68998116190374,-1.5008254133151302,0.3309707475730803,0.15,227857.2949016281
1.6299999999999872,11.56443922460923,7.64535647098368,0.4975841435815639,7.686903081113353,-1.549257925578953,0.3308382693941569,0.15,227857.2949016281
1.6349999999999871,11.60286604162254,7.637489149804298,0.4992380035957803,7.683823724211518,-1.59767054617391,0.33070573629239924,0.15,227857.2949016281
1.639999999999987,11.641277458383675,7.6293798153691785,0.5008912007952422,7.680742980242384,-1.646063227874005,0.33057314349235484,0.15,227857.2949016281
1.644999999999987,11.679673467681559,7.621028567495868,0.5025437348695907,7.677660738911499,-1.694435921450329,0.3304404862470371,0.15,227857.2949016281
1.6499999999999868,11.718054061755327,7.612435506253021,0.5041956054848042,7.6745768905960325,-1.7427885756881918,0.33030775983836547,0.15,227857.2949016281
1.6549999999999867,11.756419232297704,7.60360073197029,0.5058468122833442,7.67149132635478,-1.7911211374045424,0.3301749595775961,0.15,227857.2949016281
1.6599999999999866,11.794768970458435,7.594524345248114,0.5074973548843025,7.668403937937945,-1.8394335514656714,0.3300420808057429,0.15,227857.2949016281
1.6649999999999865,11.833103266847772,7.585206446967438,0.5091472328835518,7.665314617796686,-1.8877257608051847,0.3299091188939881,0.15,227857.2949016281
1.6699999999999864,11.871422111539994,7.575647138299319,0.5107964458538969,7.662223259092445,-1.9359977064422382,0.32977606924408415,0.15,227857.2949016281
1.6749999999999863,11.90972549407699,7.565846520714463,0.512444993345229,7.659129755706024,-1.9842493275000281,0.3296429272887441,0.15,227857.2949016281
1.6799999999999862,11.948013403471872,7.555804695992652,0.5140928748846809,7.656034002246437,-2.0324805612245216,0.32950968849202283,0.15,227857.2949016281
1.684999999999986,11.986285828212637,7.545521766232082,0.5157400899767852,7.652935894059516,-2.080691343003424,0.3293763483496871,0.15,227857.2949016281
1.689999999999986,12.024542756265877,7.53499783385861,0.5173866381036334,7.649835327236275,-2.1288816063853697,0.32924290238957576,0.15,227857.2949016281
1.6949999999999859,12.06278417508052,7.524233001634898,0.5190325187250372,7.646732198621031,-2.1770512830993254,0.3291093461719493,0.15,227857.2949016281
1.6999999999999857,12.10101007159162,7.513227372669465,0.5206777312786917,7.6436264058192736,-2.225200303074201,0.32897567528982846,0.15,227857.2949016281
1.7049999999999856,12.139220432224182,7.501981050425632,0.5223222751803396,7.640517847205292,-2.273328594458656,0.3288418853693224,0.15,227857.2949016281
1.7099999999999855,12.177415242897018,7.490494138730383,0.5239661498239377,7.637406421929547,-2.3214360836410877,0.32870797206994623,0.15,227857.2949016281
1.7149999999999854,12.215594489026657,7.478766741783105,0.5256093545818249,7.6342920299257955,-2.3695226952698007,0.3285739310849275,0.15,227857.2949016281
1.7199999999999853,12.253758155531266,7.466798964164248,0.5272518888048909,7.631174571917962,-2.4175883522733375,0.32843975814150184,0.15,227857.2949016281
1.7249999999999852,12.291906226834627,7.454590910843862,0.5288937518227477,7.628053949426755,-2.4656329758809674,0.328305449001198,0.15,227857.2949016281
1.729999999999985,12.330038686870134,7.442142687190051,0.5305349429439009,7.62493006477604,-2.513656485643324,0.3281709994601118,0.15,227857.2949016281
1.734999999999985,12.368155519084821,7.42945439897731,0.5321754614559241,7.621802821098942,-2.561658799453176,0.32803640534916917,0.15,227857.2949016281
1.739999999999985,12.406256706443427,7.416526152394761,0.5338153066256329,7.618672122343716,-2.6096398335663307,0.3279016625343783,0.15,227857.2949016281
1.7449999999999848,12.444342231432485,7.403358054054289,0.5354544776992616,7.615537873279344,-2.6575995026226495,0.3277667669170712,0.15,227857.2949016281
1.7499999999999847,12.482412076064435,7.389950210998564,0.5370929739026395,7.612399979500897,-2.705537719667178,0.32763171443413375,0.15,227857.2949016281
1.7549999999999846,12.520466221881774,7.376302730708968,0.5387307944413704,7.609258347434635,-2.7534543961713718,0.3274965010582257,0.15,227857.2949016281
1.7599999999999845,12.558504649961218,7.362415721113403,0.540367938501011,7.606112884342858,-2.8013494420544136,0.3273611227979893,0.15,227857.2949016281
1.7649999999999844,12.596527340917897,7.348289290594005,0.5420044052472516,7.602963498328507,-2.849222765704612,0.3272255756982474,0.15,227857.2949016281
1.7699999999999843,12.634534274909567,7.3339235479947416,0.5436401938260976,7.599810098339522,-2.8970742740008717,0.3270898558401908,0.15,227857.2949016281
1.7749999999999841,12.672525431640848,7.319318602628904,0.5452753033640519,7.596652594172943,-2.944903872334227,0.326953959341555,0.15,227857.2949016281
1.779999999999984,12.710500790367478,7.304474564286495,0.5469097329682978,7.593490896478774,-2.9927114646294313,0.32681788235678644,0.15,227857.2949016281
1.784999999999984,12.748460329900583,7.289391543241504,0.5485434817268827,7.590324916763601,-3.0404969533665875,0.326681621077198,0.15,227857.2949016281
1.7899999999999838,12.786404028610978,7.274069650259081,0.5501765487089035,7.587154567393965,-3.0882602396028234,0.32654517173111447,0.15,227857.2949016281
1.7949999999999837,12.82433186443346,7.258508996602589,0.5518089329646914,7.5839797615994975,-3.1360012229939884,0.32640853058400743,0.15,227857.2949016281
1.7999999999999836,12.86224381487115,7.242709694040563,0.5534406335259979,7.580800413475823,-3.183719801816377,0.32627169393862,0.15,227857.2949016281
1.8049999999999835,12.900139856999807,7.226671854853551,0.5550716494061821,7.57761643798722,-3.23141587298846,0.32613465813508147,0.15,227857.2949016281
1.8099999999999834,12.938019967472197,7.210395591840848,0.5567019796003974,7.57442775096905,-3.2790893320926244,0.325997419551012,0.15,227857.2949016281
1.8149999999999833,12.975884122522444,7.193881018327125,0.5583316230857789,7.571234269129964,-3.3267400733969095,0.3258599746016174,0.15,227857.2949016281
1.8199999999999832,13.013732297970403,7.177128248168941,0.5599605788216324,7.568035910053875,-3.3743679898767303,0.325722319739774,0.15,227857.2949016281
1.824999999999983,13.051564469226042,7.160137395761158,0.5615888457496221,7.564832592201708,-3.421972973236585,0.3255844514561041,0.15,227857.2949016281
1.829999999999983,13.089380611293828,7.142908576043237,0.56321642279396,7.561624234912934,-3.469554913931738,0.3254463662790418,0.15,227857.2949016281
1.8349999999999829,13.127180698777128,7.125441904505434,0.5648433088615948,7.558410758406876,-3.5171137011898685,0.32530806077488955,0.15,227857.2949016281
1.8399999999999828,13.164964705882605,7.1077374971948775,0.5664695028424017,7.555192083783816,-3.5646492230326836,0.32516953154786543,0.15,227857.2949016281
1.8449999999999827,13.202732606424629,7.089795470721552,0.5680950036093717,7.551968133025874,-3.612161366297481,0.3250307752401412,0.15,227857.2949016281
1.8499999999999825,13.240484373829688,7.071615942264161,0.5697198100188018,7.548738828997693,-3.6596500166586647,0.3248917885318716,0.15,227857.2949016281
1.8549999999999824,13.278219981140799,7.053199029575891,0.5713439209104845,7.545504095446909,-3.7071150586491974,0.324752568141215,0.15,227857.2949016281
1.8599999999999823,13.315939401021927,7.034544850990064,0.5729673351078983,7.542263857004434,-3.754556375681993,0.32461311082434485,0.15,227857.2949016281
1.8649999999999822,13.3536426057624,7.01565352542568,0.5745900514183978,7.539018039184524,-3.8019738500712355,0.3244734133754533,0.15,227857.2949016281
1.8699999999999821,13.391329567281321,6.996525172392868,0.5762120686334034,7.5357665683846715,-3.849367363053622,0.3243334726267464,0.15,227857.2949016281
1.874999999999982,13.429000257131996,6.977159911998211,0.5778333855285913,7.532509371885299,-3.896736794809524,0.32419328544843046,0.15,227857.2949016281
1.879999999999982,13.466654646506333,6.957557864949977,0.5794540008640842,7.529246377849265,-3.944082024484065,0.3240528487486915,0.15,227857.2949016281
1.8849999999999818,13.504292706239259,6.937719152563247,0.5810739133846401,7.525977515321201,-3.991402930208099,0.32391215947366614,0.15,227857.2949016281
1.8899999999999817,13.541914406813127,6.917643896764929,0.5826931218198428,7.522702714226651,-4.038699389119097,0.3237712146074049,0.15,227857.2949016281
1.8949999999999816,13.579519718362121,6.897332220098677,0.5843116248842909,7.519421905371056,-4.085971277381932,0.3236300111718282,0.15,227857.2949016281
1.8999999999999815,13.617108610676645,6.876784245729698,0.5859294212777871,7.516135020438558,-4.133218470209552,0.3234885462266753,0.15,227857.2949016281
1.9049999999999814,13.654681053207717,6.856000097449465,0.5875465096855275,7.512841991990638,-4.180440841883543,0.3233468168694453,0.15,227857.2949016281
1.9099999999999813,13.692237015071356,6.83497989968032,0.5891628887782894,7.509542753464601,-4.227638265774586,0.32320482023533204,0.15,227857.2949016281
1.9149999999999812,13.729776465052947,6.813723777479977,0.5907785572126206,7.506237239171888,-4.274810614362781,0.3230625534971517,0.15,227857.2949016281
1.919999999999981,13.767299371611617,6.792231856545925,0.5923935136310267,7.502925384296252,-4.321957759257853,0.32292001386526376,0.15,227857.2949016281
1.924999999999981,13.804805702884588,6.770504263219732,0.5940077566621585,7.499607124891766,-4.3690795712192365,0.3227771985874859,0.15,227857.2949016281
1.9299999999999808,13.84229542669152,6.748541124491244,0.5956212849209997,7.496282397880701,-4.416175920176018,0.3226341049490021,0.15,227857.2949016281
1.9349999999999807,13.879768510538849,6.726342568002687,0.5972340970090529,7.492951141051248,-4.463246675246757,0.32249073027226505,0.15,227857.2949016281
1.9399999999999806,13.917224921624115,6.703908722052673,0.5988461915145258,7.489613293055116,-4.510291704759158,0.32234707191689244,0.15,227857.2949016281
1.9449999999999805,13.954664626840264,6.681239715600101,0.600457567012517,7.486268793404982,-4.557310876269611,0.3222031272795575,0.15,227857.2949016281
1.9499999999999804,13.992087592779956,6.65833567826797,0.6020682220652005,7.482917582471823,-4.604304056582585,0.3220588937938739,0.15,227857.2949016281
1.9549999999999803,14.029493785739842,6.635196740347089,0.6036781552220108,7.479559601482115,-4.651271111769875,0.3219143689302753,0.15,227857.2949016281
1.9599999999999802,14.066883171724834,6.61182303279969,0.6052873650198263,7.476194792514908,-4.698211907189703,0.3217695501958896,0.15,227857.2949016281
1.96499999999998,14.104255716452368,6.588214687262952,0.606895849983152,7.472823098498793,-4.745126307505666,0.3216244351344081,0.15,227857.2949016281
1.96999999999998,14.141611385356637,6.564371836052424,0.608503608624303,7.469444463208741,-4.7920141767055355,0.32147902132594974,0.15,227857.2949016281
1.9749999999999799,14.178950143592816,6.5402946121653605,0.6101106394435851,7.466058831262842,-4.838875378119892,0.32133330638692065,0.15,227857.2949016281
1.9799999999999798,14.21627195604127,6.515983149283959,0.6117169409294771,7.462666148118931,-4.885709774440613,0.3211872879698689,0.15,227857.2949016281
1.9849999999999797,14.253576787311745,6.491437581778509,0.6133225115588101,7.459266360071115,-4.932517227739198,0.321040963763335,0.15,227857.2949016281
1.9899999999999796,14.290864601747538,6.466658044710449,0.6149273497969477,7.455859414246195,-4.979297599484931,0.32089433149169816,0.15,227857.2949016281
1.9949999999999795,14.328135363429654,6.44164467383533,0.6165314540979645,7.4524452586,-5.026050750562883,0.32074738891501803,0.15,227857.2949016281
1.9999999999999793,14.365389036180938,6.4163976056056935,0.6181348229048242,7.449023841913622,-5.07277654129175,0.32060013382887304,0.15,227857.2949016281
2.0049999999999795,14.402625583570195,6.39091697717386,0.6197374546495569,7.445595113789563,-5.119474831441531,0.3204525640641945,0.15,227857.2949016281
2.0099999999999794,14.439844968916288,6.365202926394629,0.6213393477534351,7.442159024647802,-5.166145480251029,0.32030467748709723,0.15,227857.2949016281
2.0149999999999793,14.477047155292212,6.339255591827888,0.6229405006271497,7.4387155257217765,-5.2127883464451985,0.3201564719987067,0.15,227857.2949016281
2.019999999999979,14.514232105529151,6.313075112741144,0.6245409116709839,7.435264569054283,-5.259403288252313,0.32000794553498263,0.15,227857.2949016281
2.024999999999979,14.551399782220521,6.28666162911196,0.6261405792749877,7.431806107493308,-5.305990163420974,0.31985909606653934,0.15,227857.2949016281
2.029999999999979,14.588550147725973,6.260015281630316,0.6277395018191502,7.428340094687787,-5.352548829236943,0.31970992159846334,0.15,227857.2949016281
2.034999999999979,14.6256831641754,6.233136211700874,0.6293376776735716,7.424866485083287,-5.399079142539808,0.31956042017012776,0.15,227857.2949016281
2.0399999999999787,14.662798793472904,6.206024561445176,0.6309351051986345,7.421385233917636,-5.445580959739478,0.3194105898550038,0.15,227857.2949016281
2.0449999999999786,14.699896997300739,6.1786804737037455,0.6325317827451732,7.417896297216481,-5.492054136832507,0.3192604287604699,0.15,227857.2949016281
2.0499999999999785,14.736977737123253,6.151104092038119,0.6341277086546434,7.41439963178879,-5.538498529418246,0.319109935027618,0.15,227857.2949016281
2.0549999999999784,14.77404097419078,6.123295560732786,0.6357228812592901,7.4108951952223,-5.584913992714825,0.31895910683105755,0.15,227857.2949016281
2.0599999999999783,14.811086669543533,6.095255024797062,0.6373172988823146,7.407382945878908,-5.631300381574965,0.3188079423787174,0.15,227857.2949016281
2.064999999999978,14.848114784015456,6.066982629966871,0.6389109598380405,7.403862842890014,-5.677657550501613,0.31865643991164505,0.15,227857.2949016281
2.069999999999978,14.88512527823806,6.038478522706458,0.6405038624320791,7.400334846151817,-5.723985353663413,0.3185045977038044,0.15,227857.2949016281
2.074999999999978,14.922118112644242,6.009742850210024,0.6420960049614933,7.396798916320565,-5.77028364491,0.3183524140618713,0.15,227857.2949016281
2.079999999999978,14.959093247472062,5.980775760403281,0.6436873857149605,7.393255014807761,-5.816552277787128,0.3181998873250272,0.15,227857.2949016281
2.0849999999999778,14.99605064276852,5.951577401944935,0.645278002972935,7.3897031037753385,-5.862791105551623,0.3180470158647513,0.15,227857.2949016281
2.0899999999999777,15.032990258393285,5.92214792422809,0.6468678550078084,7.386143146130785,-5.908999981186168,0.3178937980846112,0.15,227857.2949016281
2.0949999999999775,15.069912054022417,5.89248747738159,0.6484569400840701,7.38257510552225,-5.955178757413919,0.31774023242005167,0.15,227857.2949016281
2.0999999999999774,15.106815989152057,5.862596212271273,0.6500452564584657,7.3789989463336,-6.001327286712948,0.3175863173381824,0.15,227857.2949016281
2.1049999999999773,15.14370202310209,5.832474280501165,0.6516328023801551,7.375414633679467,-6.047445421330523,0.31743205133756447,0.15,227857.2949016281
2.1099999999999772,15.180570115019789,5.802121834414596,0.653219576090869,7.371822133400249,-6.093533013297214,0.3172774329479955,0.15,227857.2949016281
2.114999999999977,15.217420223883432,5.77153902709525,0.6548055758250647,7.368221412057099,-6.139589914440836,0.31712246073029376,0.15,227857.2949016281
2.119999999999977,15.254252308505892,5.740726012368148,0.6563907998100806,7.364612436926887,-6.185615976400224,0.31696713327608145,0.15,227857.2949016281
2.124999999999977,15.291066327538202,5.709682944800551,0.6579752462662898,7.3609951759971395,-6.231611050638841,0.3168114492075669,0.15,227857.2949016281
2.129999999999977,15.327862239473097,5.678409979702808,0.659558913407252,7.3573695979609655,-6.27757498845822,0.31665540717732604,0.15,227857.2949016281
2.1349999999999767,15.36464000264853,5.646907273129134,0.6611417994398655,7.35373567221196,-6.323507641011248,0.3164990058680834,0.15,227857.2949016281
2.1399999999999766,15.401399575251158,5.615174981878318,0.662723902564517,7.350093368839101,-6.369408859315278,0.3163422439924919,0.15,227857.2949016281
2.1449999999999765,15.43814091531981,5.5832132634943665,0.6643052209752305,7.346442658621624,-6.415278494265083,0.3161851202929129,0.15,227857.2949016281
2.1499999999999764,15.474863980748923,5.55102227626709,0.6658857528598158,7.342783513023894,-6.461116396645654,0.3160276335411951,0.15,227857.2949016281
2.1549999999999763,15.511568729291959,5.518602179232613,0.6674654964000148,7.339115904190268,-6.506922417144826,0.3158697825384535,0.15,227857.2949016281
2.159999999999976,15.548255118564784,5.485953132173837,0.6690444497716481,7.335439804939943,-6.552696406365754,0.31571156611484763,0.15,227857.2949016281
2.164999999999976,15.584923106049038,5.453075295620824,0.6706226111447586,7.331755188761808,-6.598438214839229,0.31555298312936014,0.15,227857.2949016281
2.169999999999976,15.621572649095466,5.419968830851136,0.6721999786837559,7.328062029809286,-6.644147693035834,0.31539403246957465,0.15,227857.2949016281
2.174999999999976,15.658203704927226,5.386633899890102,0.6737765505475585,7.324360302895176,-6.689824691377949,0.31523471305145384,0.15,227857.2949016281
2.1799999999999757,15.69481623064318,5.353070665511028,0.6753523248897348,7.320649983486495,-6.735469060251597,0.31507502381911745,0.15,227857.2949016281
2.1849999999999756,15.731410183221145,5.319279291235354,0.6769272998586442,7.31693104769932,-6.781080650018136,0.3149149637446201,0.15,227857.2949016281
2.1899999999999755,15.767985519521128,5.285259941332744,0.6785014735975751,7.3132034722936305,-6.826659311025808,0.31475453182772956,0.15,227857.2949016281
2.1949999999999754,15.804542196288532,5.251012780821127,0.6800748442448836,7.309467234668157,-6.872204893621123,0.314593727095705,0.15,227857.2949016281
2.1999999999999753,15.84108017015734,5.216537975466674,0.6816474099341305,7.3057223128552335,-6.9177172481601055,0.31443254860307535,0.15,227857.2949016281
2.204999999999975,15.877599397653269,5.181835691783726,0.6832191687942167,7.301968685515658,-6.963196225019384,0.31427099543141807,0.15,227857.2949016281
2.209999999999975,15.914099835196891,5.14690609703466,0.6847901189495181,7.298206331933557,-7.008641674607142,0.3141090666891383,0.15,227857.2949016281
2.214999999999975,15.950581439106754,5.111749359229707,0.6863602585200191,7.29443523201126,-7.054053447373911,0.31394676151124806,0.15,227857.2949016281
2.219999999999975,15.987044165602443,5.076365647126714,0.6879295856214451,7.290655366264187,-7.0994313938232345,0.3137840790591463,0.15,227857.2949016281
2.2249999999999748,16.023487970807643,5.040755130230851,0.689498098365394,7.286866715815742,-7.144775364522175,0.3136210185203992,0.15,227857.2949016281
2.2299999999999747,16.059912810753165,5.004917978794266,0.6910657948594663,7.283069262392219,-7.190085210111688,0.31345757910852085,0.15,227857.2949016281
2.2349999999999746,16.09631864137994,4.968854363815694,0.6926326732073945,7.27926298831773,-7.235360781316851,0.31329376006275483,0.15,227857.2949016281
2.2399999999999745,16.13270541854201,4.93256445704001,0.694198731509171,7.275447876509129,-7.2806019289569575,0.313129560647856,0.15,227857.2949016281
2.2449999999999743,16.16907309800946,4.896048430957729,0.6957639678611753,7.27162391047097,-7.325808503955467,0.31296498015387336,0.15,227857.2949016281
2.2499999999999742,16.205421635471364,4.859306458804466,0.6973283803562998,7.267791074290468,-7.3709803573498265,0.3128000178959331,0.15,227857.2949016281
2.254999999999974,16.241750986538673,4.822338714560338,0.6988919670840748,7.2639493526324825,-7.416117340301151,0.3126346732140228,0.15,227857.2949016281
2.259999999999974,16.27806110674709,4.785145372949326,0.7004547261307917,7.260098730734516,-7.461219304103773,0.31246894547277615,0.15,227857.2949016281
2.264999999999974,16.314351951559928,4.74772660943858,0.7020166555796268,7.256239194401732,-7.506286100194662,0.31230283406125864,0.15,227857.2949016281
2.269999999999974,16.350623476370938,4.710082600237686,0.7035777535107618,7.252370730001992,-7.5513175801627055,0.3121363383927537,0.15,227857.2949016281
2.2749999999999737,16.386875636507096,4.672213522297884,0.7051380180015051,7.248493324460911,-7.59631359575787,0.31196945790455,0.15,227857.2949016281
2.2799999999999736,16.42310838723139,4.634119553311239,0.7066974471264108,7.244606965256935,-7.641273998900228,0.31180219205772974,0.15,227857.2949016281
2.2849999999999735,16.459321683745575,4.595800871709766,0.7082560389573975,7.2407116404164364,-7.686198641688862,0.3116345403369574,0.15,227857.2949016281
2.2899999999999734,16.49551548119289,4.557257656664517,0.7098137915638656,7.236807338508838,-7.731087376410637,0.31146650225026995,0.15,227857.2949016281
2.2949999999999733,16.531689734660766,4.518490088084619,0.7113707030128135,7.23289404864175,-7.775940055548858,0.3112980773288675,0.15,227857.2949016281
2.299999999999973,16.56784439918351,4.479498346616267,0.7129267713689529,7.228971760456138,-7.820756531791798,0.31112926512690525,0.15,227857.2949016281
2.304999999999973,16.603979429744953,4.440282613641685,0.7144819946948233,7.225040464121507,-7.8655366580411075,0.3109600652212865,0.15,227857.2949016281
2.309999999999973,16.640094781281086,4.4008430712780315,0.7160363710509052,7.221100150331118,-7.910280287420102,0.3107904772114565,0.15,227857.2949016281
2.314999999999973,16.676190408682658,4.361179902376277,0.7175898984957318,7.217150810297218,-7.954987273281937,0.3106205007191972,0.15,227857.2949016281
2.3199999999999728,16.712266266797766,4.321293290520027,0.7191425750860009,7.213192435746305,-7.999657469217656,0.3104501353884237,0.15,227857.2949016281
2.3249999999999726,16.748322310434418,4.281183420024323,0.7206943988766844,7.209225018914413,-8.044290729064134,0.3102793808849809,0.15,227857.2949016281
2.3299999999999725,16.784358494363058,4.2408504759343835,0.7222453679211379,7.205248552542422,-8.088886906911895,0.310108236896442,0.15,227857.2949016281
2.3349999999999724,16.82037477331909,4.200294644024321,0.7237954802712088,7.201263029871394,-8.133445857112829,0.3099367031319077,0.15,227857.2949016281
2.3399999999999723,16.856371102005365,4.15951611079582,0.725344733977343,7.197268444637943,-8.17796743428778,0.3097647793218066,0.15,227857.2949016281
2.344999999999972,16.892347435094635,4.118515063476765,0.7268931270886918,7.193264791069614,-8.222451493334043,0.309592465217697,0.15,227857.2949016281
2.349999999999972,16.92830372723201,4.077291690019848,0.7284406576532162,7.1892520638803115,-8.266897889432741,0.3094197605920694,0.15,227857.2949016281
2.354999999999972,16.964239933037373,4.035846179101126,0.7299873237177917,7.185230258265736,-8.311306478056089,0.3092466652381504,0.15,227857.2949016281
2.359999999999972,17.000156007107783,3.9941787201185495,0.7315331233283113,7.181199369898857,-8.355677114974563,0.3090731789697082,0.15,227857.2949016281
2.364999999999972,17.036051904019843,3.9522895031904532,0.7330780545297877,7.177159394925413,-8.40000965626396,0.3088993016208584,0.15,227857.2949016281
2.3699999999999717,17.071927578332055,3.9101787191540125,0.7346221153664545,7.17311032995944,-8.444303958312341,0.3087250330458716,0.15,227857.2949016281
2.3749999999999716,17.10778298458715,3.8678465595636644,0.7361653038818666,7.169052172078822,-8.4885598778269,0.3085503731189824,0.15,227857.2949016281
2.3799999999999715,17.1436180773144,3.8252932166894955,0.7377076181189995,7.1649849188208785,-8.532777271840693,0.3083753217341989,0.15,227857.2949016281
2.3849999999999714,17.179432811031898,3.7825188835155954,0.7392490561203479,7.160908568177974,-8.5769559977193,0.308199878805114,0.15,227857.2949016281
2.3899999999999713,17.215227140248825,3.7395237537383785,0.7407896159280224,7.156823118593159,-8.621095913167373,0.30802404426471786,0.15,227857.2949016281
2.394999999999971,17.251001019467697,3.6963080217648723,0.7423292955838472,7.152728568955835,-8.665196876235077,0.3078478180652112,0.15,227857.2949016281
2.399999999999971,17.28675440318658,3.6528718827109734,0.7438680931294548,7.14862491859746,-8.709258745324458,0.3076712001778205,0.15,227857.2949016281
2.404999999999971,17.322487245901293,3.609215532399673,0.7454060066063809,7.144512167287268,-8.753281379195691,0.30749419059261374,0.15,227857.2949016281
2.409999999999971,17.35819950210758,3.5653391673592507,0.7469430340561583,7.140390315228027,-8.797264636973248,0.3073167893183179,0.15,227857.2949016281
2.4149999999999707,17.39389112630328,3.5212429848214377,0.7484791735204094,7.136259363051821,-8.841208378151965,0.30713899638213743,0.15,227857.2949016281
2.4199999999999706,17.42956207299045,3.47692718271955,0.7500144230409387,7.13211931181587,-8.885112462603024,0.3069608118295742,0.15,227857.2949016281
2.4249999999999705,17.465212296677485,3.432391959686593,0.7515487806598232,7.127970162998364,-8.928976750579835,0.30678223572424834,0.15,227857.2949016281
2.4299999999999704,17.500841751881218,3.3876375150533335,0.7530822444195031,7.12381191849434,-8.972801102723837,0.30660326814772076,0.15,227857.2949016281
2.4349999999999703,17.536450393128984,3.3426640488463484,0.7546148123628708,7.119644580611583,-9.0165853800702,0.3064239091993167,0.15,227857.2949016281
2.43999999999997,17.572038174960678,3.2974717617860394,0.7561464825333589,7.115468152066553,-9.060329444053448,0.3062441589959506,0.15,227857.2949016281
2.44499999999997,17.607605051930797,3.2520608552846233,0.7576772529750286,7.1112826359803485,-9.104033156512985,0.3060640176719519,0.15,227857.2949016281
2.44999999999997,17.643150978610436,3.2064315314440943,0.7592071217326557,7.107088035874691,-9.147696379698553,0.3058834853788928,0.15,227857.2949016281
2.45499999999997,17.67867590958929,3.160583993054159,0.7607360868518165,7.1028843556679435,-9.191318976275582,0.30570256228541665,0.15,227857.2949016281
2.4599999999999698,17.714179799477638,3.1145184435901436,0.7622641463789727,7.09867159967116,-9.23490080933047,0.3055212485770677,0.15,227857.2949016281
2.4649999999999697,17.749662602908277,3.068235087210878,0.7637912983615557,7.094449772584158,-9.278441742375787,0.30533954445612244,0.15,227857.2949016281
2.4699999999999696,17.785124274538468,3.0217341287565502,0.7653175408480496,7.090218879491625,-9.321941639355375,0.3051574501414218,0.15,227857.2949016281
2.4749999999999694,17.820564769051845,2.9750157737465384,0.7668428718880737,7.08597892585925,-9.365400364649389,0.30497496586820483,0.15,227857.2949016281
2.4799999999999693,17.85598404116032,2.9280802283772167,0.768367289532464,7.081729917529887,-9.408817783079245,0.3047920918879433,0.15,227857.2949016281
2.4849999999999692,17.891382045605944,2.8809276995197375,0.7698907918333543,7.077471860719749,-9.452193759912499,0.30460882846817816,0.15,227857.2949016281
2.489999999999969,17.92675873716278,2.8335583947177874,0.7714133768442556,7.073204762014624,-9.495528160867636,0.30442517589235657,0.15,227857.2949016281
2.494999999999969,17.96211407063873,2.7859725221853213,0.7729350426201357,7.068928628366127,-9.538820852118793,0.3042411344596705,0.15,227857.2949016281
2.499999999999969,17.997448000877366,2.7381702908042733,0.7744557872174971,7.064643467087972,-9.5820717003004,0.3040567044848966,0.15,227857.2949016281
2.504999999999969,18.032760482759716,2.690151910122243,0.7759756086944549,7.060349285852285,-9.62528057251175,0.30387188629823697,0.15,227857.2949016281
2.5099999999999687,18.06805147120606,2.64191759035016,0.7774945051108134,7.056046092685932,-9.66844733632149,0.3036866802451617,0.15,227857.2949016281
2.5149999999999686,18.103320921177694,2.5934675423599263,0.7790124745281419,7.0517338959668825,-9.711571859772041,0.30350108668625203,0.15,227857.2949016281
2.5199999999999685,18.13856878767866,2.5448019776820363,0.7805295150098501,7.0474127044206005,-9.754654011383948,0.3033151059970451,0.15,227857.2949016281
2.5249999999999684,18.173795025757503,2.4959211085031763,0.7820456246212625,7.0430825271164625,-9.797693660160151,0.30312873856787964,0.15,227857.2949016281
2.5299999999999683,18.208999590508956,2.4468251476638003,0.7835608014296915,7.038743373464202,-9.840690675590198,0.3029419848037433,0.15,227857.2949016281
2.534999999999968,18.244182437075644,2.3975143086556887,0.7850750435045112,7.034395253210383,-9.883644927654371,0.3027548451241205,0.15,227857.2949016281
2.539999999999968,18.279343520649757,2.3479888056194835,0.7865883489172286,7.030038176434904,-9.926556286827763,0.3025673199628421,0.15,227857.2949016281
2.544999999999968,18.314482796474714,2.2982488533422036,0.7881007157415556,7.0256721535475215,-9.969424624084265,0.3023794097679359,0.15,227857.2949016281
2.549999999999968,18.349600219846792,2.2482946672547417,0.7896121420534792,7.02129719528441,-10.012249810900505,0.30219111500147844,0.15,227857.2949016281
2.5549999999999677,18.384695746116765,2.1981264634293414,0.7911226259313315,7.016913312704742,-10.05503171925971,0.30200243613944777,0.15,227857.2949016281
2.5599999999999676,18.419769330691494,2.1477444585770535,0.7926321654558591,7.0125205171872995,-10.097770221655498,0.30181337367157773,0.15,227857.2949016281
2.5649999999999675,18.45482092903553,2.0971488700451757,0.7941407587102911,7.008118820427108,-10.140465191095624,0.3016239281012131,0.15,227857.2949016281
2.5699999999999674,18.48985049667268,2.0463399158146727,0.795648403780407,7.003708234432103,-10.183116501105633,0.30143409994516585,0.15,227857.2949016281
2.5749999999999673,18.52485798918756,1.9953178144975774,0.7971550987546039,6.999288771519814,-10.22572402573248,0.30124388973357286,0.15,227857.2949016281
2.579999999999967,18.559843362227145,1.944082785334376,0.7986608417239622,6.994860444314086,-10.268287639548062,0.3010532980097545,0.15,227857.2949016281
2.584999999999967,18.594806571502286,1.892635048191374,0.8001656307823118,6.990423265741818,-10.310807217652702,0.3008623253300743,0.15,227857.2949016281
2.589999999999967,18.629747572789213,1.8409748235580459,0.8016694640262966,6.98597724902973,-10.35328263567857,0.30067097226379996,0.15,227857.2949016281
2.594999999999967,18.66466632193104,1.789102332544367,0.8031723395554385,6.98152240770116,-10.395713769793037,0.3004792393929653,0.15,227857.2949016281
2.599999999999967,18.699562774839226,1.7370177968781293,0.8046742554722015,6.977058755572879,-10.438100496701978,0.3002871273122333,0.15,227857.2949016281
2.6049999999999667,18.734436887495036,1.6847214389022418,0.806175209882054,6.972586306751939,-10.480442693653005,0.30009463662876035,0.15,227857.2949016281
2.6099999999999666,18.769288615950998,1.6322134815720126,0.8076752008935311,6.968105075632538,-10.522740238438656,0.29990176796206147,0.15,227857.2949016281
2.6149999999999665,18.804117916332313,1.5794941484524172,0.8091742266182959,6.96361507689292,-10.564993009399506,0.29970852194387676,0.15,227857.2949016281
2.6199999999999664,18.838924744838277,1.5265636637153503,0.8106722851712006,6.959116325492292,-10.607200885427245,0.29951489921803864,0.15,227857.2949016281
2.6249999999999662,18.873709057743678,1.473422252136863,0.8121693746703466,6.954608836667766,-10.649363745967678,0.29932090044034054,0.15,227857.2949016281
2.629999999999966,18.908470811400175,1.4200701390943846,0.8136654932371434,6.950092625931331,-10.691481471023678,0.2991265262784063,0.15,227857.2949016281
2.634999999999966,18.94320996223767,1.3665075505639301,0.8151606389963684,6.9455677090668475,-10.73355394115809,0.29893177741156074,0.15,227857.2949016281
2.639999999999966,18.977926466765656,1.3127347131172935,0.816654810076224,6.941034102127058,-10.775581037496567,0.2987366545307014,0.15,227857.2949016281
2.644999999999966,19.01262028157455,1.2587518539192262,0.8181480046083962,6.936491821430634,-10.817562641730358,0.2985411583381711,0.15,227857.2949016281
2.6499999999999657,19.047291363337024,1.2045592007246027,0.8196402207281107,6.931940883559239,-10.859498636119051,0.2983452895476315,0.15,227857.2949016281
2.6549999999999656,19.08193966880931,1.150156981875572,0.8211314565741896,6.927381305354618,-10.901388903493247,0.2981490488839382,0.15,227857.2949016281
2.6599999999999655,19.116565154832486,1.095545426298696,0.822621710289107,6.922813103915705,-10.943233327257193,0.2979524370830158,0.15,227857.2949016281
2.6649999999999654,19.151167778333765,1.0407247635020744,0.8241109800190439,6.918236296595765,-10.98503179139136,0.29775545489173516,0.15,227857.2949016281
2.6699999999999653,19.185747496327753,0.9856952235724586,0.8255992639139428,6.913650900999545,-11.026784180454973,0.2975581030677908,0.15,227857.2949016281
2.674999999999965,19.220304265917704,0.9304570371723501,0.8270865601275612,6.909056934980458,-11.068490379588479,0.2973603823795796,0.15,227857.2949016281
2.679999999999965,19.25483804429675,0.8750104355370889,0.8285728668175254,6.904454416637789,-11.11015027451598,0.2971622936060806,0.15,227857.2949016281
2.684999999999965,19.28934878874913,0.8193556504719299,0.8300581821453824,6.899843364313914,-11.15176375154761,0.2969638375367352,0.15,227857.2949016281
2.689999999999965,19.323836456651396,0.7634929143491063,0.8315425042766525,6.895223796591555,-11.193330697581862,0.29676501497132923,0.15,227857.2949016281
2.6949999999999648,19.358301005473603,0.707422460104882,0.8330258313808806,6.890595732291048,-11.234851000107863,0.296565826719875,0.15,227857.2949016281
2.6999999999999647,19.392742392780498,0.6511445212365933,0.8345081616316865,6.885959190467631,-11.276324547207611,0.2963662736024952,0.15,227857.2949016281
2.7049999999999645,19.42716057623269,0.5946593317996789,0.835989493206816,6.881314190408765,-11.31775122755816,0.29616635644930683,0.15,227857.2949016281
2.7099999999999644,19.46155551358779,0.5379671264046991,0.8374698242881901,6.876660751631463,-11.359130930433748,0.2959660761003069,0.15,227857.2949016281
2.7149999999999643,19.495927162701566,0.481068140214345,0.838949153061954,6.871998893879651,-11.4004635457079,0.2957654334052584,0.15,227857.2949016281
2.7199999999999642,19.53027548152907,0.4239626089404366,0.840427477718526,6.867328637121543,-11.441748963855465,0.2955644292235776,0.15,227857.2949016281
2.724999999999964,19.564600428125743,0.36665076884091136,0.8419047964526455,6.862650001547041,-11.482987075954616,0.29536306442422205,0.15,227857.2949016281
2.729999999999964,19.598901960648522,0.3091328567168028,0.84338110746342,6.8579630075651545,-11.524177773688809,0.29516133988557947,0.15,227857.2949016281
2.734999999999964,19.63318003735694,0.25140910990920906,0.8448564089543723,6.85326767580144,-11.565320949348688,0.2949592564953576,0.15,227857.2949016281
2.739999999999964,19.667434616614184,0.19347976629625246,0.8463306991334869,6.848564027095464,-11.606416495833956,0.2947568151504749,0.15,227857.2949016281
2.7449999999999637,19.701665656888167,0.13534506429002957,0.8478039762132554,6.843852082498279,-11.647464306655195,0.2945540167569523,0.15,227857.2949016281
2.7499999999999636,19.735873116752586,0.07700524283355248,0.8492762384107223,6.839131863269929,-11.688464275935644,0.29435086222980533,0.15,227857.2949016281
2.7549999999999635,19.770056954887952,0.018460541397681017,0.8507474839475292,6.834403390876969,-11.72941629841294,0.2941473524929376,0.15,227857.2949016281
2.7599999999999634,19.80421713008262,-0.04028880002195335,0.8522177110499591,6.829666686990004,-11.770320269440807,0.293943488479035,0.15,227857.2949016281
